half_century_start,Central and Western Europe,Eastern Europe,Iberia,Israel/Palestine,Italy and the Balkans,North Africa,North America/Australia,West Asia (ex Israel)
700,0.0,0.0,0.0,0.0,0.0,0.0,0.0,1.0
750,0.0,0.0,0.0,0.0,0.0,0.0,0.0,1.0
800,0.0,0.0,0.0,0.0,0.0,0.0,0.0,1.0
850,0.0,0.0,0.0,0.0,0.0,0.0,0.0,1.0
900,0.0,0.0,0.0,0.0,0.0,0.0,0.0,1.0
950,0.02886002886002886,0.0,0.0,0.0,0.0,0.0,0.0,0.9711399711399712
1000,0.07354838709677419,0.0,0.0,0.0,0.0,0.04774193548387097,0.0,0.8787096774193548
1050,0.551433389544688,0.0,0.0,0.0,0.0,0.448566610455312,0.0,0.0
1100,0.3546511627906977,0.0,0.5988372093023255,0.0,0.0,0.046511627906976744,0.0,0.0
1150,0.45609436435124506,0.0,0.0,0.0,0.0,0.5439056356487549,0.0,0.0
1200,0.5387365911799762,0.0,0.058402860548271755,0.0,0.11799761620977355,0.28486293206197855,0.0,0.0
1250,0.4843236787100627,0.0,0.5119438638399523,0.0,0.0037324574499850703,0.0,0.0,0.0
1300,0.10663983903420524,0.0,0.8933601609657947,0.0,0.0,0.0,0.0,0.0
1350,0.12336244541484716,0.0,0.15938864628820962,0.0,0.0,0.7172489082969432,0.0,0.0
1400,0.4480492813141684,0.0,0.0,0.0,0.0,0.5519507186858317,0.0,0.0
1450,0.3352601156069364,0.0,0.0,0.0,0.4082369942196532,0.22471098265895953,0.0,0.031791907514450865
1500,0.0005583472920156337,0.021775544388609715,0.059463986599664995,0.208821887213847,0.2601898380792853,0.3992183137911781,0.0,0.04997208263539922
1550,0.0,0.11442885771543086,0.0,0.18236472945891782,0.4288577154308617,0.1561122244488978,0.0,0.11823647294589178
1600,0.006134969325153374,0.30190506942202133,0.0,0.12980303519535033,0.24152405553761705,0.019373587342589604,0.0,0.3012592831772683
1650,0.19425675675675674,0.22905405405405405,0.0,0.1929054054054054,0.12466216216216217,0.15675675675675677,0.0,0.10236486486486486
1700,0.1664279576052707,0.4196505299341163,0.0,0.0690346605557147,0.10885133199656259,0.142652535090232,0.0,0.0933829848181037
1750,0.06487747957993,0.40233372228704783,0.0,0.10175029171528588,0.10338389731621937,0.18016336056009336,0.0,0.14749124854142356
1800,0.022748423120670044,0.8864646882432013,0.0,0.006410919243097921,0.006307517319822148,0.05697445972495088,0.0,0.02109399234825768
1850,0.03261274692508386,0.8450428624673872,0.0,0.05884271338054417,0.002422661200149087,0.011507640700708163,0.00018635855385762206,0.04938501677226985
1900,0.038015222725949344,0.4213284531880381,0.0,0.26111550139333695,0.0,0.17614274424988563,0.07499064176683443,0.02840743667595558
1950,0.043374504176206904,0.05598374665419717,0.0,0.6476506820600471,0.0,0.03847270147376568,0.21384114289399853,0.0006772227417846432
2000,0.031507656065959955,0.0,0.0,0.6578327444051826,0.0,0.0,0.31065959952885747,0.0
