Statistic,Result
Number of responsa,"131,062"
Number of unique authors,316
Earliest author birth year,680
Median author birth year,1788
Avg. responsa per author,415
Median responsa per author,172
Avg. word length,1270
Share of Geonic responsa,2.3%
Share of responsa by Rishonim,14.3%
Share of responsa by Acharonim,83.5%
Share of responsa from Eastern Europe,33.6%
Share of responsa from Israel/Palestine,25.4%
Share of responsa from North Africa,10.3%
Share of responsa from Central and Western Europe,8.5%
Share of responsa from North America/Australia,7.2%
Share of responsa from West Asia (ex Israel),6.1%
Share of responsa from Iberia,4.4%
Share of responsa from Italy and the Balkans,4.4%
